verbatimIdentification,name_type,species,search_string,unique_name,approximate_match,ott_id,is_synonym,flags,number_matches
Pink Salmon,orig_species,Pink Salmon,pink salmon,NA,NA,NA,NA,NA,NA
Pink Salmon,sci_name_1,Oncorhynchus gorbuscha,oncorhynchus gorbuscha,Oncorhynchus gorbuscha,FALSE,739927,FALSE,,1
Pacific Herring,orig_species,Pacific Herring,pacific herring,NA,NA,NA,NA,NA,NA
Pacific Herring,sci_name_1,Clupea harengus pallasi,clupea harengus pallasi,Clupea pallasii,FALSE,421318,TRUE,,1
Pacific Herring,sci_name_2,Clupea pallasii,clupea pallasii,Clupea pallasii,FALSE,421318,FALSE,,1
Pacific Herring,sci_name_3,Clupea pallasii pallasii,clupea pallasii pallasii,Clupea pallasii pallasii,FALSE,9666,FALSE,infraspecific,1
Spiny Dogfish,orig_species,Spiny Dogfish,spiny dogfish,NA,NA,NA,NA,NA,NA
Spiny Dogfish,sci_name_1,Squalus acanthias,squalus acanthias,Squalus acanthias,FALSE,1019126,FALSE,,1
Yellowtail Rockfish,orig_species,Yellowtail Rockfish,yellowtail rockfish,NA,NA,NA,NA,NA,NA
Yellowtail Rockfish,sci_name_1,Sebastes flavidus,sebastes flavidus,Sebastes flavidus,FALSE,531059,FALSE,sibling_higher,1
Widow Rockfish,orig_species,Widow Rockfish,widow rockfish,NA,NA,NA,NA,NA,NA
Widow Rockfish,sci_name_1,Sebastes entomelas,sebastes entomelas,Sebastes entomelas,FALSE,531068,FALSE,sibling_higher,1
Neomysis rayii,orig_species,Neomysis rayii,neomysis rayii,Neomysis rayii,FALSE,2990247,FALSE,,1
Pasiphaea pacifica,orig_species,Pasiphaea pacifica,pasiphaea pacifica,Pasiphaea pacifica,FALSE,1005753,FALSE,,1
Pasiphaea tarda,orig_species,Pasiphaea tarda,pasiphaea tarda,Pasiphaea tarda,FALSE,45085,FALSE,,1
Euphausia Pacifica spp.,orig_species,Euphausia Pacifica spp.,euphausia pacifica spp.,NA,NA,NA,NA,NA,NA
Eulachon,orig_species,Eulachon,eulachon,NA,NA,NA,NA,NA,NA
Eulachon,sci_name_1,Thaleichthys pacificus,thaleichthys pacificus,Thaleichthys pacificus,FALSE,555682,FALSE,,1
Myctophid (Diaphus theta),orig_species,Myctophid (Diaphus theta),myctophid (diaphus theta),NA,NA,NA,NA,NA,NA
Euphasia spp.,orig_species,Euphasia spp.,euphasia spp.,NA,NA,NA,NA,NA,NA
Walleye Pollock,orig_species,Walleye Pollock,walleye pollock,NA,NA,NA,NA,NA,NA
Walleye Pollock,sci_name_1,Theragra chalcogramma,theragra chalcogramma,Gadus chalcogrammus,FALSE,1056842,TRUE,,1
Osmeridae (Whitebait smelt),orig_species,Osmeridae (Whitebait smelt),osmeridae (whitebait smelt),NA,NA,NA,NA,NA,NA
Coho Salmon,orig_species,Coho Salmon,coho salmon,NA,NA,NA,NA,NA,NA
Coho Salmon,sci_name_1,Oncorhynchus kisutch,oncorhynchus kisutch,Oncorhynchus kisutch,FALSE,739917,FALSE,,1
Hake (Whiting),orig_species,Hake (Whiting),hake (whiting),NA,NA,NA,NA,NA,NA
Euphausia spp.,orig_species,Euphausia spp.,euphausia spp.,NA,NA,NA,NA,NA,NA
Water Jellies,orig_species,Water Jellies,water jellies,NA,NA,NA,NA,NA,NA
Hake,orig_species,Hake,hake,Hase,TRUE,7694138,FALSE,sibling_higher,1
Hake,sci_name_1,Merluccius angustimanus,merluccius angustimanus,Merluccius angustimanus,FALSE,565449,FALSE,,1
Hake,sci_name_2,Merluccius australis,merluccius australis,Merluccius australis,FALSE,492392,FALSE,,1
Hake,sci_name_3,Merluccius bilinearis,merluccius bilinearis,Merluccius bilinearis,FALSE,351757,FALSE,,1
Hake,sci_name_4,Merluccius capensis,merluccius capensis,Merluccius capensis,FALSE,757328,FALSE,,1
Hake,sci_name_5,Merluccius gayi,merluccius gayi,Merluccius gayi,FALSE,757319,FALSE,,1
Hake,sci_name_5,Merluccius gayi,merluccius gayi,Merluccius gayi,FALSE,757319,FALSE,,1
Hake,sci_name_6,Merluccius merluccius,merluccius merluccius,Merluccius merluccius,FALSE,62642,FALSE,,1
Hake,sci_name_7,Merluccius paradoxus,merluccius paradoxus,Merluccius paradoxus,FALSE,183164,FALSE,,1
Hake,sci_name_8,Merluccius polli,merluccius polli,Merluccius polli,FALSE,834108,FALSE,,1
Lion's Mane Jellyfish,orig_species,Lion's Mane Jellyfish,lion's mane jellyfish,NA,NA,NA,NA,NA,NA
Lion's Mane Jellyfish,sci_name_1,Cyanea capillata,cyanea capillata,Cyanea capillata,FALSE,178412,FALSE,,1
Lion's Mane Jellyfish,sci_name_1,Cyanea capillata,cyanea capillata,Cyanea capillata,FALSE,178412,FALSE,,1
Lion's Mane Jellyfish,sci_name_2,Cyanea lamarckii,cyanea lamarckii,Cyanea lamarckii,FALSE,3680294,FALSE,,1
Lion's Mane Jellyfish,sci_name_3,Cyanea nozaki,cyanea nozaki,Cyanea nozakii,FALSE,772995,TRUE,,1
Opalescent Inshore Squid,orig_species,Opalescent Inshore Squid,opalescent inshore squid,NA,NA,NA,NA,NA,NA
Opalescent Inshore Squid,sci_name_1,Doryteuthis (Amerigo) opalescens,doryteuthis (amerigo) opalescens,NA,NA,NA,NA,NA,NA
Opalescent Inshore Squid,sci_name_2,Doryteuthis opalescens,doryteuthis opalescens,Doryteuthis opalescens,FALSE,241282,FALSE,,1
Opalescent Inshore Squid,sci_name_3,Loligo opalescens,loligo opalescens,Doryteuthis opalescens,FALSE,241282,TRUE,,1
"Zoarcid ""A""",orig_species,"Zoarcid ""A""","zoarcid ""a""",NA,NA,NA,NA,NA,NA
Sablefish,orig_species,Sablefish,sablefish,NA,NA,NA,NA,NA,NA
Sablefish,sci_name_1,Anoplopoma fimbria,anoplopoma fimbria,Anoplopoma fimbria,FALSE,441856,FALSE,,1
"Squid ""B""",orig_species,"Squid ""B""","squid ""b""",NA,NA,NA,NA,NA,NA
Chinook Salmon,orig_species,Chinook Salmon,chinook salmon,NA,NA,NA,NA,NA,NA
Chinook Salmon,sci_name_1,Oncorhynchus tshawytscha,oncorhynchus tshawytscha,Oncorhynchus tshawytscha,FALSE,730762,FALSE,,1
Clawed Armhook Squid,orig_species,Clawed Armhook Squid,clawed armhook squid,NA,NA,NA,NA,NA,NA
Clawed Armhook Squid,sci_name_1,Gonatus onyx,gonatus onyx,Gonatus onyx,FALSE,526080,FALSE,,1
Turbot,orig_species,Turbot,turbot,NA,NA,NA,NA,NA,NA
Turbot,sci_name_1,Balistes capriscus,balistes capriscus,Balistes capriscus,FALSE,135140,FALSE,,1
Turbot,sci_name_2,Psetta maxima,psetta maxima,Scophthalmus maximus,FALSE,778695,TRUE,,1
Turbot,sci_name_3,Reinhardtius hippoglossoides,reinhardtius hippoglossoides,Reinhardtius hippoglossoides,FALSE,835141,FALSE,,1
Turbot,sci_name_4,Scophthalmus maximus,scophthalmus maximus,Scophthalmus maximus,FALSE,778695,FALSE,,1
English Sole,orig_species,English Sole,english sole,NA,NA,NA,NA,NA,NA
English Sole,sci_name_1,Parophrys vetulus,parophrys vetulus,Parophrys vetulus,FALSE,835838,FALSE,,1
English Sole,sci_name_2,Pleuronectes vetulus,pleuronectes vetulus,Parophrys vetulus,FALSE,835838,TRUE,,1
Euphasiid,orig_species,Euphasiid,euphasiid,Acontia,TRUE,910043,FALSE,,4
Pacific Lamprey,orig_species,Pacific Lamprey,pacific lamprey,NA,NA,NA,NA,NA,NA
Pacific Lamprey,sci_name_1,Entosphenus tridentatus,entosphenus tridentatus,Lampetra tridentata,FALSE,243579,TRUE,,1
Pacific Lamprey,sci_name_2,Lampetra tridentatus,lampetra tridentatus,Lampetra tridentata,FALSE,243579,TRUE,,1
Pacific Lamprey,sci_name_3,Moenkhausia tridentata,moenkhausia tridentata,Moenkhausia tridentata,FALSE,3625272,FALSE,,1
Pink Shrimp,orig_species,Pink Shrimp,pink shrimp,NA,NA,NA,NA,NA,NA
Pink Shrimp,sci_name_1,Farfantepenaeus duorarum,farfantepenaeus duorarum,Penaeus duorarum,FALSE,163894,TRUE,,1
Pink Shrimp,sci_name_2,Pandalus borealis,pandalus borealis,Pandalus borealis,FALSE,28236,FALSE,sibling_higher,1
Pink Shrimp,sci_name_3,Pandalus jordani,pandalus jordani,Pandalus jordani,FALSE,685779,FALSE,sibling_higher,1
Pink Shrimp,sci_name_4,Pandalus montagui,pandalus montagui,Pandalus montagui,FALSE,685778,FALSE,sibling_higher,1
Pink Shrimp,sci_name_5,Penaeus duorarum,penaeus duorarum,Penaeus duorarum,FALSE,163894,FALSE,,1
Northern Anchovy,orig_species,Northern Anchovy,northern anchovy,NA,NA,NA,NA,NA,NA
Northern Anchovy,sci_name_1,Engraulis mordax,engraulis mordax,Engraulis mordax,FALSE,29754,FALSE,,1
Northern Anchovy,sci_name_2,Engraulis mordax mordax,engraulis mordax mordax,Engraulis mordax,FALSE,29754,TRUE,,1
Sockeye Salmon,orig_species,Sockeye Salmon,sockeye salmon,NA,NA,NA,NA,NA,NA
Sockeye Salmon,sci_name_1,Oncorhynchus nerka,oncorhynchus nerka,Oncorhynchus nerka,FALSE,165375,FALSE,,1
Chum Salmon,orig_species,Chum Salmon,chum salmon,NA,NA,NA,NA,NA,NA
Chum Salmon,sci_name_1,Oncorhynchus keta,oncorhynchus keta,Oncorhynchus keta,FALSE,739921,FALSE,,1
Whitebait Smelt,orig_species,Whitebait Smelt,whitebait smelt,NA,NA,NA,NA,NA,NA
Whitebait Smelt,sci_name_1,Allosmerus elongatus,allosmerus elongatus,Allosmerus elongatus,FALSE,568680,FALSE,,1
Larval Sand Lance,orig_species,Larval Sand Lance,larval sand lance,NA,NA,NA,NA,NA,NA
Sea Nettle,orig_species,Sea Nettle,sea nettle,NA,NA,NA,NA,NA,NA
Sea Nettle,sci_name_1,Chrysaora blossevillii,chrysaora blossevillii,Chrysaora lactea,TRUE,256208,FALSE,,1
Sea Nettle,sci_name_2,Chrysaora fulgida,chrysaora fulgida,Chrysaora fulgida,FALSE,3680250,FALSE,,1
Sea Nettle,sci_name_3,Chrysaora fuscescens,chrysaora fuscescens,Chrysaora fuscescens,FALSE,418507,FALSE,,1
Sea Nettle,sci_name_4,Chrysaora pacifica,chrysaora pacifica,Chrysaora pacifica,FALSE,5424634,FALSE,,1
Sea Nettle,sci_name_5,Chrysaora quinquecirrha,chrysaora quinquecirrha,Chrysaora quinquecirrha,FALSE,404507,FALSE,,1
Sea Nettle,sci_name_6,Cyanea capillata,cyanea capillata,Cyanea capillata,FALSE,178412,FALSE,,1
Sea Nettle,sci_name_6,Cyanea capillata,cyanea capillata,Cyanea capillata,FALSE,178412,FALSE,,1
Myctophid,orig_species,Myctophid,myctophid,NA,NA,NA,NA,NA,NA
Euphausiids,orig_species,Euphausiids,euphausiids,Euphausiidae,TRUE,852540,FALSE,,1
Euphausiids,sci_name_1,Euphausiidae,euphausiidae,Euphausiidae,FALSE,852540,FALSE,,1
Siphonophore spp.,orig_species,Siphonophore spp.,siphonophore spp.,NA,NA,NA,NA,NA,NA
American Shad,orig_species,American Shad,american shad,NA,NA,NA,NA,NA,NA
American Shad,sci_name_1,Alosa sapidissima,alosa sapidissima,Alosa sapidissima,FALSE,519453,FALSE,,1
Pyrosome,orig_species,Pyrosome,pyrosome,Pyrrhosoma,TRUE,776330,FALSE,,1
Larval Squid,orig_species,Larval Squid,larval squid,NA,NA,NA,NA,NA,NA
Alaskan Pink Shrimp,orig_species,Alaskan Pink Shrimp,alaskan pink shrimp,NA,NA,NA,NA,NA,NA
Alaskan Pink Shrimp,sci_name_1,Pandalus eous,pandalus eous,Pandalus eous,FALSE,577697,FALSE,sibling_higher,1
Capelin,orig_species,Capelin,capelin,NA,NA,NA,NA,NA,NA
Capelin,sci_name_1,Mallotus catervarius,mallotus catervarius,Mallotus villosus,FALSE,399346,TRUE,,2
Capelin,sci_name_2,Mallotus villosus,mallotus villosus,Mallotus villosus,FALSE,399346,FALSE,,1
Capelin,sci_name_3,Mallotus villosus catervarius,mallotus villosus catervarius,Mallotus villosus catervarius,FALSE,244353,FALSE,infraspecific,2
Clawed Armhook,orig_species,Clawed Armhook,clawed armhook,NA,NA,NA,NA,NA,NA
Clawed Armhooked Squid,orig_species,Clawed Armhooked Squid,clawed armhooked squid,NA,NA,NA,NA,NA,NA
Corphaenidoes sp,orig_species,Corphaenidoes sp,corphaenidoes sp,NA,NA,NA,NA,NA,NA
Euphausid spp,orig_species,Euphausid spp,euphausid spp,NA,NA,NA,NA,NA,NA
Euphausiid spp,orig_species,Euphausiid spp,euphausiid spp,NA,NA,NA,NA,NA,NA
Glass Shrimp,orig_species,Glass Shrimp,glass shrimp,NA,NA,NA,NA,NA,NA
Glass Shrimp,sci_name_1,Macrobrachium lanchesteri,macrobrachium lanchesteri,Macrobrachium lanchesteri,FALSE,616150,FALSE,,1
Hermit Crab,orig_species,Hermit Crab,hermit crab,NA,NA,NA,NA,NA,NA
Hermit Crab,sci_name_1,Calcinus tubularis,calcinus tubularis,Calcinus tubularis,FALSE,160722,FALSE,,1
Hermit Crab,sci_name_2,Eupagurus bernhardus,eupagurus bernhardus,Eupagurus bernhardus,FALSE,7695314,FALSE,sibling_higher,2
Jellyfish,orig_species,Jellyfish,jellyfish,NA,NA,NA,NA,NA,NA
Jellyfish,sci_name_1,Cnidaria,cnidaria,Cnidaria,FALSE,641033,FALSE,,1
Jellyfish,sci_name_2,Sanderia malayensis,sanderia malayensis,Sanderia malayensis,FALSE,1055814,FALSE,,1
Jellyfish,sci_name_3,Scyphozoa,scyphozoa,Scyphozoa,FALSE,983579,FALSE,,1
Juvenile Pollock,orig_species,Juvenile Pollock,juvenile pollock,NA,NA,NA,NA,NA,NA
Lamprey,orig_species,Lamprey,lamprey,NA,NA,NA,NA,NA,NA
Lamprey,sci_name_1,Lampetra fluviatilis,lampetra fluviatilis,Lampetra fluviatilis,FALSE,801627,FALSE,,1
Lion's Mane Jelly,orig_species,Lion's Mane Jelly,lion's mane jelly,NA,NA,NA,NA,NA,NA
Myctophiid spp,orig_species,Myctophiid spp,myctophiid spp,NA,NA,NA,NA,NA,NA
Night Smelt,orig_species,Night Smelt,night smelt,NA,NA,NA,NA,NA,NA
Night Smelt,sci_name_1,Spirinchus starksi,spirinchus starksi,Spirinchus starksi,FALSE,280143,FALSE,,1
Pacific Hake,orig_species,Pacific Hake,pacific hake,NA,NA,NA,NA,NA,NA
Pacific Hake,sci_name_1,Merluccius gayi,merluccius gayi,Merluccius gayi,FALSE,757319,FALSE,,1
Pacific Hake,sci_name_1,Merluccius gayi,merluccius gayi,Merluccius gayi,FALSE,757319,FALSE,,1
Pacific Hake,sci_name_2,Merluccius productus,merluccius productus,Merluccius productus,FALSE,183169,FALSE,,1
Pyrosome spp,orig_species,Pyrosome spp,pyrosome spp,NA,NA,NA,NA,NA,NA
Siphonophore spp,orig_species,Siphonophore spp,siphonophore spp,NA,NA,NA,NA,NA,NA
Squid B,orig_species,Squid B,squid b,NA,NA,NA,NA,NA,NA
Unidentified Rockfish,orig_species,Unidentified Rockfish,unidentified rockfish,NA,NA,NA,NA,NA,NA
Water Jelly,orig_species,Water Jelly,water jelly,NA,NA,NA,NA,NA,NA
White Bait Smelt,orig_species,White Bait Smelt,white bait smelt,NA,NA,NA,NA,NA,NA
Zoarcidae A,orig_species,Zoarcidae A,zoarcidae a,NA,NA,NA,NA,NA,NA
